Name,Rank,Year,Freq
MARY,1,1920,639
MARGARET,2,1920,238
MARIE,3,1920,171
DOROTHY,4,1920,163
ANNIE,5,1920,158
HELEN,6,1920,152
JEAN,7,1920,106
ELIZABETH,8,1920,105
FLORENCE,9,1920,94
RUTH,10,1920,87
CATHERINE,11,1920,84
DORIS,12,1920,81
ALICE,13,1920,78
EDITH,13,1920,78
MURIEL,15,1920,67
HAZEL,16,1920,66
MARJORIE,17,1920,65
KATHLEEN,18,1920,63
EVELYN,19,1920,62
LILLIAN,20,1920,61
MARY,1,1921,626
MARGARET,2,1921,202
DOROTHY,3,1921,185
MARIE,4,1921,167
HELEN,5,1921,146
ANNIE,6,1921,126
JEAN,7,1921,107
FLORENCE,8,1921,106
ELIZABETH,9,1921,100
MARION,10,1921,89
CATHERINE,11,1921,82
DORIS,12,1921,81
ALICE,13,1921,80
MILDRED,14,1921,79
MARJORIE,15,1921,75
MURIEL,16,1921,71
LILLIAN,17,1921,70
RUTH,17,1921,70
EDITH,19,1921,68
EVELYN,20,1921,66
MARY,1,1922,594
MARGARET,2,1922,225
MARIE,3,1922,156
DOROTHY,4,1922,152
HELEN,5,1922,138
ANNIE,6,1922,122
CATHERINE,7,1922,100
ELIZABETH,8,1922,97
DORIS,9,1922,96
RUTH,10,1922,95
FLORENCE,11,1922,90
JEAN,12,1922,81
MARION,13,1922,76
KATHLEEN,14,1922,69
MURIEL,14,1922,69
EDITH,16,1922,68
LILLIAN,17,1922,67
MILDRED,18,1922,63
MARJORIE,19,1922,60
EVELYN,20,1922,58
MARY,1,1923,556
MARGARET,2,1923,196
MARIE,3,1923,164
DOROTHY,4,1923,148
HELEN,5,1923,126
JEAN,6,1923,121
ANNIE,7,1923,108
ELIZABETH,8,1923,86
FLORENCE,8,1923,86
RUTH,10,1923,83
CATHERINE,11,1923,74
MARJORIE,12,1923,72
DORIS,13,1923,70
EVELYN,14,1923,69
LILLIAN,15,1923,67
MARION,16,1923,66
EDITH,17,1923,57
FRANCES,18,1923,54
ALICE,19,1923,53
JESSIE,19,1923,53
MARY,1,1924,563
MARGARET,2,1924,203
MARIE,3,1924,154
DOROTHY,4,1924,136
ANNIE,5,1924,128
HELEN,6,1924,124
JEAN,6,1924,124
MARION,8,1924,82
CATHERINE,9,1924,78
DORIS,10,1924,76
FLORENCE,10,1924,76
ELIZABETH,12,1924,71
MARJORIE,13,1924,69
RUTH,14,1924,66
EVELYN,15,1924,60
ALICE,16,1924,58
KATHLEEN,17,1924,57
FRANCES,18,1924,56
SHIRLEY,19,1924,53
LILLIAN,20,1924,50
MARY,1,1925,628
MARGARET,2,1925,231
HELEN,3,1925,152
DOROTHY,4,1925,139
MARIE,5,1925,135
JEAN,6,1925,113
ANNIE,7,1925,110
FLORENCE,8,1925,89
MARJORIE,9,1925,85
CATHERINE,10,1925,84
MARION,11,1925,79
ELIZABETH,12,1925,77
DORIS,13,1925,75
SHIRLEY,13,1925,75
ALICE,15,1925,71
RUTH,16,1925,70
LILLIAN,17,1925,66
MURIEL,18,1925,63
MILDRED,19,1925,59
EVELYN,20,1925,57
MARY,1,1926,501
MARGARET,2,1926,231
MARIE,3,1926,148
HELEN,4,1926,135
DOROTHY,5,1926,122
ELIZABETH,6,1926,108
ANNIE,7,1926,103
JEAN,8,1926,95
CATHERINE,9,1926,91
MARION,10,1926,88
ALICE,11,1926,77
DORIS,12,1926,75
FLORENCE,12,1926,75
MARJORIE,14,1926,74
EVELYN,15,1926,72
FRANCES,16,1926,67
SHIRLEY,16,1926,67
RUTH,18,1926,64
KATHLEEN,19,1926,62
ANNA,20,1926,54
MARY,1,1927,522
MARGARET,2,1927,193
MARIE,3,1927,164
DOROTHY,4,1927,129
HELEN,4,1927,129
ANNIE,6,1927,107
CATHERINE,7,1927,102
ELIZABETH,8,1927,100
JEAN,8,1927,100
SHIRLEY,10,1927,99
MARION,11,1927,85
FLORENCE,12,1927,84
DORIS,13,1927,76
THERESA,14,1927,69
MARJORIE,15,1927,68
MILDRED,16,1927,63
FRANCES,17,1927,56
RUTH,18,1927,55
ALICE,19,1927,54
BARBARA,20,1927,53
MARY,1,1928,511
MARGARET,2,1928,196
MARIE,3,1928,155
HELEN,4,1928,140
JEAN,5,1928,121
SHIRLEY,6,1928,118
ANNIE,7,1928,116
DOROTHY,8,1928,104
MARION,9,1928,101
FLORENCE,10,1928,98
CATHERINE,11,1928,97
DORIS,12,1928,80
RUTH,13,1928,79
ELIZABETH,14,1928,66
LILLIAN,15,1928,61
AUDREY,16,1928,60
MURIEL,16,1928,60
MARJORIE,18,1928,59
ALICE,19,1928,56
MILDRED,20,1928,52
MARY,1,1929,474
MARGARET,2,1929,174
MARIE,3,1929,151
HELEN,4,1929,122
SHIRLEY,5,1929,120
JEAN,6,1929,114
DOROTHY,7,1929,111
ANNIE,8,1929,106
ELIZABETH,9,1929,101
DORIS,10,1929,76
MARION,10,1929,76
RUTH,12,1929,74
CATHERINE,13,1929,73
FRANCES,14,1929,66
JOAN,14,1929,66
LILLIAN,16,1929,63
FLORENCE,17,1929,61
AUDREY,18,1929,55
MARJORIE,19,1929,53
ALICE,20,1929,51
JOYCE,20,1929,51
MARY,1,1930,517
MARGARET,2,1930,184
MARIE,3,1930,142
SHIRLEY,4,1930,137
DOROTHY,5,1930,131
HELEN,6,1930,129
JEAN,7,1930,105
ELIZABETH,8,1930,102
ANNIE,9,1930,88
CATHERINE,10,1930,87
MARION,11,1930,85
FLORENCE,12,1930,82
JOAN,13,1930,78
DORIS,14,1930,69
BARBARA,15,1930,67
JOYCE,15,1930,67
RUTH,15,1930,67
ANNA,18,1930,65
MARJORIE,18,1930,65
LILLIAN,20,1930,62
MARY,1,1931,525
MARGARET,2,1931,180
MARIE,3,1931,165
DOROTHY,4,1931,143
SHIRLEY,5,1931,139
HELEN,6,1931,128
JOAN,7,1931,123
JEAN,8,1931,102
ELIZABETH,9,1931,100
ANNIE,10,1931,97
MARION,11,1931,96
CATHERINE,12,1931,89
FLORENCE,13,1931,75
DORIS,14,1931,74
BARBARA,15,1931,71
ALICE,16,1931,69
RUTH,16,1931,69
AUDREY,18,1931,66
JOYCE,19,1931,63
LILLIAN,20,1931,60
MARY,1,1932,562
MARGARET,2,1932,184
JOAN,3,1932,165
MARIE,3,1932,165
SHIRLEY,5,1932,141
ELIZABETH,6,1932,140
BARBARA,7,1932,105
DOROTHY,7,1932,105
HELEN,9,1932,93
CATHERINE,10,1932,86
JEAN,11,1932,85
DORIS,12,1932,78
JOYCE,13,1932,74
FLORENCE,14,1932,72
ANNIE,15,1932,66
RUTH,16,1932,65
MARION,17,1932,62
ALICE,18,1932,58
BETTY,19,1932,56
MARJORIE,19,1932,56
MARY,1,1933,510
MARGARET,2,1933,192
MARIE,3,1933,163
JOAN,4,1933,161
SHIRLEY,5,1933,159
ELIZABETH,6,1933,113
HELEN,7,1933,111
BARBARA,8,1933,108
DOROTHY,9,1933,100
CATHERINE,10,1933,91
JEAN,10,1933,91
JOYCE,12,1933,81
MARION,13,1933,75
FLORENCE,14,1933,73
ANNA,15,1933,68
ANNIE,16,1933,66
DORIS,17,1933,65
RUTH,18,1933,55
EVELYN,19,1933,52
BETTY,20,1933,51
MARY,1,1934,496
MARGARET,2,1934,200
SHIRLEY,2,1934,200
MARIE,4,1934,159
JOAN,5,1934,149
BARBARA,6,1934,130
HELEN,7,1934,113
JEAN,8,1934,101
DOROTHY,9,1934,88
CATHERINE,10,1934,87
ELIZABETH,10,1934,87
MARION,12,1934,85
FLORENCE,13,1934,74
ANNIE,14,1934,73
JOYCE,15,1934,72
FRANCES,16,1934,58
RUTH,17,1934,56
ALICE,18,1934,52
BETTY,19,1934,51
EVELYN,20,1934,50
JUNE,20,1934,50
MARJORIE,20,1934,50
MARY,1,1935,485
SHIRLEY,2,1935,289
MARGARET,3,1935,181
JOAN,4,1935,165
MARIE,5,1935,142
BARBARA,6,1935,122
ELIZABETH,7,1935,116
HELEN,8,1935,115
DOROTHY,9,1935,106
JEAN,10,1935,88
CATHERINE,11,1935,73
JOYCE,12,1935,66
MARION,13,1935,64
ANNIE,14,1935,58
THERESA,14,1935,58
FLORENCE,16,1935,57
ALICE,17,1935,56
BETTY,17,1935,56
EVELYN,17,1935,56
ANNA,20,1935,54
PATRICIA,20,1935,54
RUTH,20,1935,54
MARY,1,1936,506
SHIRLEY,2,1936,297
MARGARET,3,1936,227
JOAN,4,1936,194
MARIE,5,1936,150
ELIZABETH,6,1936,127
HELEN,7,1936,111
JEAN,8,1936,106
CATHERINE,9,1936,101
BARBARA,10,1936,95
DOROTHY,11,1936,91
FLORENCE,12,1936,74
JOYCE,13,1936,70
MARION,14,1936,67
RUTH,15,1936,66
ANNIE,16,1936,65
PATRICIA,17,1936,62
MARJORIE,18,1936,54
BETTY,19,1936,52
ANNA,20,1936,50
AUDREY,20,1936,50
ROSE,20,1936,50
MARY,1,1937,501
SHIRLEY,2,1937,224
MARGARET,3,1937,210
MARIE,4,1937,161
JOAN,5,1937,153
ELIZABETH,6,1937,147
BARBARA,7,1937,107
HELEN,8,1937,105
JEAN,9,1937,89
CATHERINE,10,1937,77
DOROTHY,11,1937,73
FLORENCE,12,1937,67
PATRICIA,13,1937,65
MARJORIE,14,1937,64
CAROL,15,1937,62
MARION,16,1937,55
ALICE,17,1937,52
ROSE,17,1937,52
ANNIE,19,1937,51
RUTH,19,1937,51
MARY,1,1938,498
MARGARET,2,1938,210
SHIRLEY,3,1938,205
MARIE,4,1938,156
JOAN,5,1938,146
BARBARA,6,1938,136
ELIZABETH,7,1938,131
HELEN,8,1938,111
CATHERINE,9,1938,100
JEAN,10,1938,95
CAROL,11,1938,86
DOROTHY,12,1938,85
PATRICIA,13,1938,76
FLORENCE,14,1938,72
ANNIE,15,1938,63
MARION,15,1938,63
JOYCE,17,1938,62
ALICE,18,1938,61
AUDREY,19,1938,58
RUTH,19,1938,58
MARY,1,1939,508
MARGARET,2,1939,225
SHIRLEY,3,1939,185
ELIZABETH,4,1939,169
JOAN,5,1939,153
BARBARA,6,1939,144
MARIE,7,1939,135
HELEN,8,1939,105
PATRICIA,9,1939,98
CATHERINE,10,1939,91
JEAN,11,1939,90
CAROL,12,1939,88
DOROTHY,13,1939,81
MARION,14,1939,66
MARILYN,15,1939,64
ANNIE,16,1939,58
JANET,17,1939,54
JOYCE,18,1939,53
ALICE,19,1939,52
FLORENCE,19,1939,52
MARY,1,1940,505
MARGARET,2,1940,244
JOAN,3,1940,164
ELIZABETH,4,1940,150
MARIE,5,1940,145
SHIRLEY,6,1940,133
BARBARA,7,1940,129
PATRICIA,8,1940,120
MARILYN,9,1940,112
CATHERINE,10,1940,101
CAROL,11,1940,97
JEAN,12,1940,93
DOROTHY,13,1940,87
HELEN,14,1940,81
FLORENCE,15,1940,65
JUDITH,16,1940,63
RUTH,16,1940,63
ANN,18,1940,60
ALICE,19,1940,59
BETTY,19,1940,59
MARY,1,1941,490
MARGARET,2,1941,211
JOAN,3,1941,167
ELIZABETH,4,1941,165
MARIE,5,1941,154
CAROL,6,1941,148
PATRICIA,7,1941,134
BARBARA,8,1941,130
MARILYN,9,1941,124
SHIRLEY,10,1941,123
SANDRA,11,1941,95
JEAN,12,1941,94
CATHERINE,13,1941,91
HELEN,13,1941,91
JUDITH,15,1941,89
GLORIA,16,1941,88
DOROTHY,17,1941,80
MARION,18,1941,76
ANN,19,1941,66
DONNA,20,1941,65
MARY,1,1942,496
JOAN,2,1942,282
MARGARET,3,1942,239
BARBARA,4,1942,165
CAROL,5,1942,163
MARILYN,6,1942,162
MARIE,7,1942,154
SHIRLEY,7,1942,154
ELIZABETH,9,1942,141
PATRICIA,10,1942,138
JUDITH,11,1942,128
SANDRA,12,1942,118
DONNA,13,1942,102
JEAN,14,1942,96
HELEN,15,1942,92
CATHERINE,16,1942,90
SHARON,17,1942,83
DOROTHY,18,1942,74
ANN,19,1942,72
GLORIA,19,1942,72
MARY,1,1943,518
MARGARET,2,1943,253
MARIE,3,1943,171
JUDITH,4,1943,164
PATRICIA,5,1943,153
CAROL,6,1943,152
ELIZABETH,7,1943,143
SHARON,8,1943,140
SANDRA,9,1943,137
BARBARA,10,1943,133
DONNA,10,1943,133
MARILYN,12,1943,126
SHIRLEY,13,1943,124
JOAN,14,1943,123
LINDA,15,1943,105
HELEN,16,1943,94
CATHERINE,17,1943,85
DIANE,18,1943,83
GLORIA,19,1943,81
KAREN,20,1943,80
MARY,1,1944,535
MARGARET,2,1944,236
SHARON,3,1944,184
JUDITH,4,1944,180
PATRICIA,5,1944,167
MARIE,6,1944,156
CAROL,7,1944,147
LINDA,7,1944,147
SHIRLEY,9,1944,141
SANDRA,10,1944,139
ELIZABETH,11,1944,135
BARBARA,12,1944,129
DONNA,13,1944,125
JOAN,14,1944,112
CAROLYN,15,1944,108
CATHERINE,16,1944,105
HELEN,17,1944,103
MARILYN,17,1944,103
DIANE,19,1944,78
NANCY,19,1944,78
MARY,1,1945,473
MARGARET,2,1945,246
JUDITH,3,1945,214
CAROL,4,1945,177
SANDRA,5,1945,174
SHARON,6,1945,173
PATRICIA,7,1945,166
LINDA,8,1945,155
ELIZABETH,9,1945,145
SHIRLEY,10,1945,138
DONNA,11,1945,132
MARIE,11,1945,132
BARBARA,13,1945,127
JOAN,14,1945,121
GLORIA,15,1945,94
MARILYN,16,1945,90
CAROLYN,17,1945,88
JEAN,18,1945,84
CATHERINE,19,1945,83
DOROTHY,20,1945,80
MARY,1,1946,554
MARGARET,2,1946,284
SHARON,3,1946,238
LINDA,4,1946,230
JUDITH,5,1946,198
DONNA,6,1946,176
PATRICIA,7,1946,173
ELIZABETH,8,1946,164
SANDRA,8,1946,164
BARBARA,10,1946,151
CAROL,11,1946,150
JOAN,12,1946,136
MARIE,13,1946,133
SHIRLEY,13,1946,133
CATHERINE,15,1946,123
CAROLYN,16,1946,104
MARILYN,16,1946,104
HELEN,18,1946,90
ANNE,19,1946,89
ANN,20,1946,86
DIANE,20,1946,86
SHEILA,20,1946,86
MARY,1,1947,569
LINDA,2,1947,466
MARGARET,3,1947,249
BARBARA,4,1947,227
SHARON,5,1947,222
PATRICIA,6,1947,211
DONNA,7,1947,201
JUDITH,7,1947,201
SANDRA,9,1947,188
CAROL,10,1947,165
ELIZABETH,11,1947,155
MARIE,12,1947,129
JOAN,13,1947,120
CATHERINE,14,1947,116
SHIRLEY,14,1947,116
BRENDA,16,1947,96
HELEN,17,1947,94
CAROLYN,18,1947,93
NANCY,18,1947,93
MARILYN,20,1947,91
MARY,1,1948,516
LINDA,2,1948,498
BARBARA,3,1948,262
SHARON,4,1948,214
MARGARET,5,1948,209
JUDITH,6,1948,190
PATRICIA,7,1948,171
ELIZABETH,8,1948,168
DONNA,9,1948,150
SANDRA,10,1948,146
CAROL,11,1948,134
BRENDA,12,1948,113
CATHERINE,13,1948,112
NANCY,14,1948,109
JOAN,15,1948,106
MARIE,15,1948,106
SHIRLEY,15,1948,106
HEATHER,18,1948,97
CAROLYN,19,1948,90
MARILYN,20,1948,87
MARY,1,1949,513
LINDA,2,1949,434
BARBARA,3,1949,227
MARGARET,4,1949,218
SHARON,5,1949,185
PATRICIA,6,1949,184
JUDITH,7,1949,183
DONNA,8,1949,176
BRENDA,9,1949,166
ELIZABETH,10,1949,139
CAROL,11,1949,134
SANDRA,12,1949,128
SHIRLEY,13,1949,115
SUSAN,14,1949,113
CATHERINE,15,1949,112
NANCY,16,1949,109
MARIE,17,1949,97
JOAN,18,1949,94
DEBORAH,19,1949,90
HEATHER,20,1949,82
MARY,1,1950,461
LINDA,2,1950,332
MARGARET,3,1950,226
JUDITH,4,1950,178
BRENDA,5,1950,167
DONNA,6,1950,165
BARBARA,7,1950,163
SHARON,8,1950,153
DEBORAH,9,1950,152
PATRICIA,10,1950,151
ELIZABETH,11,1950,130
SANDRA,11,1950,130
CATHERINE,13,1950,121
CAROL,14,1950,118
NANCY,15,1950,115
SHIRLEY,16,1950,111
SUSAN,17,1950,108
MARIE,18,1950,101
HELEN,19,1950,90
JANET,19,1950,90
MARY,1,1951,464
LINDA,2,1951,350
MARGARET,3,1951,210
DEBORAH,4,1951,203
PATRICIA,5,1951,192
DONNA,6,1951,182
SHARON,7,1951,155
BARBARA,8,1951,154
ELIZABETH,9,1951,150
SUSAN,10,1951,139
BRENDA,11,1951,129
CATHERINE,11,1951,129
JUDITH,11,1951,129
CAROL,14,1951,122
MARIE,15,1951,112
SANDRA,16,1951,102
JANET,17,1951,97
ANNE,18,1951,92
NANCY,19,1951,85
ANN,20,1951,82
HEATHER,20,1951,82
MARY,1,1952,529
LINDA,2,1952,308
DEBORAH,3,1952,220
PATRICIA,4,1952,200
BARBARA,5,1952,181
BRENDA,6,1952,177
MARGARET,6,1952,177
ELIZABETH,8,1952,175
SUSAN,9,1952,173
CATHERINE,10,1952,164
DONNA,11,1952,154
JUDITH,12,1952,139
SHARON,13,1952,125
NANCY,14,1952,118
CAROL,15,1952,106
KAREN,16,1952,103
ANNE,17,1952,98
HEATHER,17,1952,98
JANET,19,1952,94
SHIRLEY,20,1952,92
MARY,1,1953,460
DEBORAH,2,1953,332
LINDA,3,1953,262
SUSAN,4,1953,210
MARGARET,5,1953,192
PATRICIA,6,1953,183
DONNA,7,1953,176
CATHERINE,8,1953,170
JUDITH,9,1953,166
ELIZABETH,10,1953,157
BRENDA,11,1953,137
BARBARA,12,1953,132
HEATHER,13,1953,127
SHARON,14,1953,125
NANCY,15,1953,122
KAREN,16,1953,114
CAROL,17,1953,107
SANDRA,18,1953,106
ANNE,19,1953,104
JANET,20,1953,97
MARY,1,1954,492
DEBORAH,2,1954,329
LINDA,3,1954,258
SUSAN,4,1954,189
DONNA,5,1954,183
MARGARET,6,1954,170
PATRICIA,7,1954,168
CATHERINE,8,1954,161
ELIZABETH,9,1954,157
BARBARA,10,1954,153
SHARON,11,1954,135
NANCY,12,1954,134
JUDITH,13,1954,131
BRENDA,14,1954,128
JANET,15,1954,120
CAROL,16,1954,116
KAREN,17,1954,115
HEATHER,18,1954,111
MARIE,19,1954,108
SANDRA,20,1954,102
MARY,1,1955,448
DEBORAH,2,1955,301
LINDA,3,1955,224
SUSAN,4,1955,207
DONNA,5,1955,192
MARGARET,6,1955,189
CATHERINE,7,1955,180
PATRICIA,8,1955,172
SHARON,9,1955,150
ELIZABETH,10,1955,149
BARBARA,11,1955,147
DEBRA,12,1955,142
NANCY,13,1955,138
HEATHER,14,1955,136
KAREN,15,1955,135
BRENDA,16,1955,113
WENDY,17,1955,101
MARILYN,18,1955,100
JANET,19,1955,97
MARIE,20,1955,96
MARY,1,1956,398
DEBORAH,2,1956,340
SUSAN,3,1956,222
LINDA,4,1956,196
DONNA,5,1956,195
CATHERINE,6,1956,191
PATRICIA,7,1956,179
MARGARET,8,1956,178
KAREN,9,1956,147
BRENDA,10,1956,141
NANCY,11,1956,140
SHARON,12,1956,139
BARBARA,13,1956,134
HEATHER,14,1956,129
ELIZABETH,15,1956,123
SANDRA,16,1956,108
DEBRA,17,1956,105
DARLENE,18,1956,101
JANET,19,1956,96
MARIE,19,1956,96
MARY,1,1957,430
DEBORAH,2,1957,305
SUSAN,3,1957,230
CATHERINE,4,1957,216
DONNA,5,1957,195
KAREN,6,1957,185
BRENDA,7,1957,170
MARGARET,8,1957,166
PATRICIA,8,1957,166
LINDA,10,1957,164
HEATHER,11,1957,141
CYNTHIA,12,1957,135
ELIZABETH,12,1957,135
BARBARA,14,1957,133
NANCY,15,1957,126
DEBRA,16,1957,119
JANET,17,1957,107
SHARON,18,1957,106
SANDRA,19,1957,101
MARIE,20,1957,98
MARY,1,1958,381
SUSAN,2,1958,260
DEBORAH,3,1958,239
CATHERINE,4,1958,218
LINDA,5,1958,184
DONNA,6,1958,176
PATRICIA,7,1958,163
MARGARET,8,1958,159
DARLENE,9,1958,157
KAREN,10,1958,154
NANCY,11,1958,133
HEATHER,12,1958,132
DEBRA,13,1958,127
BRENDA,14,1958,125
ELIZABETH,15,1958,120
SHARON,16,1958,111
JANET,17,1958,106
CHERYL,18,1958,105
BARBARA,19,1958,99
CYNTHIA,20,1958,92
MARY,1,1959,393
DONNA,2,1959,266
SUSAN,3,1959,248
CATHERINE,4,1959,216
LINDA,5,1959,198
DEBORAH,6,1959,197
KAREN,7,1959,185
HEATHER,8,1959,165
DARLENE,9,1959,164
PATRICIA,10,1959,150
MARGARET,11,1959,149
NANCY,12,1959,143
BRENDA,13,1959,138
SANDRA,14,1959,126
ELIZABETH,15,1959,119
CHERYL,16,1959,107
SHARON,16,1959,107
JANET,18,1959,106
WENDY,19,1959,98
CYNTHIA,20,1959,95
MARY,1,1960,381
SUSAN,2,1960,251
DONNA,3,1960,246
DEBORAH,4,1960,198
KAREN,5,1960,186
DARLENE,6,1960,173
MARGARET,7,1960,168
CATHERINE,8,1960,160
LINDA,9,1960,156
HEATHER,10,1960,142
PATRICIA,11,1960,135
NANCY,12,1960,130
BRENDA,13,1960,129
SANDRA,14,1960,122
BARBARA,15,1960,118
CHERYL,16,1960,111
SHARON,17,1960,110
JANET,18,1960,107
WENDY,19,1960,100
ELIZABETH,20,1960,99
MARY,1,1961,379
SUSAN,2,1961,248
DEBORAH,3,1961,209
DONNA,4,1961,202
KAREN,5,1961,174
CATHERINE,6,1961,169
DARLENE,7,1961,163
LINDA,8,1961,152
HEATHER,9,1961,150
PATRICIA,10,1961,149
BRENDA,11,1961,143
ELIZABETH,12,1961,131
MARGARET,13,1961,127
NANCY,14,1961,126
SANDRA,15,1961,125
CHERYL,16,1961,104
SHARON,16,1961,104
CYNTHIA,18,1961,100
WENDY,19,1961,98
JANET,20,1961,97
MARY,1,1962,322
SUSAN,2,1962,226
KAREN,3,1962,187
BRENDA,4,1962,182
CATHERINE,5,1962,181
DEBORAH,6,1962,168
DONNA,6,1962,168
HEATHER,8,1962,149
PATRICIA,8,1962,149
DARLENE,10,1962,133
SANDRA,10,1962,133
LINDA,12,1962,125
CHERYL,13,1962,118
MARGARET,14,1962,116
ELIZABETH,15,1962,113
WENDY,15,1962,113
NANCY,17,1962,107
PAMELA,18,1962,103
SHARON,19,1962,99
CAROL,20,1962,98
MARY,1,1963,300
KAREN,2,1963,208
SUSAN,2,1963,208
DONNA,4,1963,178
HEATHER,5,1963,155
BRENDA,6,1963,148
DEBORAH,7,1963,145
SANDRA,8,1963,143
CATHERINE,9,1963,135
PATRICIA,10,1963,122
NANCY,11,1963,119
ELIZABETH,12,1963,113
DARLENE,13,1963,110
MARGARET,14,1963,102
SHARON,14,1963,102
LINDA,16,1963,101
JANET,17,1963,98
CHERYL,18,1963,96
ANGELA,19,1963,94
WANDA,19,1963,94
MARY,1,1964,280
SUSAN,2,1964,209
KAREN,3,1964,198
HEATHER,4,1964,173
PATRICIA,5,1964,151
CATHERINE,6,1964,147
DONNA,7,1964,143
BRENDA,8,1964,127
DEBORAH,8,1964,127
SANDRA,10,1964,115
DARLENE,11,1964,110
CHERYL,12,1964,104
MARGARET,12,1964,104
LISA,14,1964,99
NANCY,14,1964,99
PAULA,16,1964,96
LINDA,17,1964,93
WANDA,18,1964,92
BARBARA,19,1964,91
SHARON,19,1964,91
KAREN,1,1965,207
MARY,2,1965,194
SUSAN,3,1965,170
LISA,4,1965,160
HEATHER,5,1965,144
DONNA,6,1965,128
DEBORAH,7,1965,127
PATRICIA,8,1965,122
CATHERINE,9,1965,107
NANCY,10,1965,104
ANGELA,11,1965,100
BRENDA,12,1965,99
SANDRA,13,1965,97
CHERYL,14,1965,96
ELIZABETH,15,1965,92
WENDY,16,1965,90
MARGARET,17,1965,89
DARLENE,18,1965,83
PAULA,19,1965,79
JANICE,20,1965,78
KAREN,1,1966,212
MARY,2,1966,209
LISA,3,1966,164
SUSAN,4,1966,138
PATRICIA,5,1966,125
DONNA,6,1966,114
HEATHER,7,1966,106
KIMBERLY,8,1966,105
ANGELA,9,1966,103
SANDRA,10,1966,95
CATHERINE,11,1966,93
MARGARET,11,1966,93
KIMBERLEY,13,1966,74
SHARON,13,1966,74
CHERYL,15,1966,73
DEBORAH,15,1966,73
WENDY,15,1966,73
ELIZABETH,18,1966,71
BRENDA,19,1966,70
MICHELE,20,1966,68
LISA,1,1967,240
MARY,2,1967,181
KAREN,3,1967,157
ANGELA,4,1967,140
SUSAN,5,1967,125
PATRICIA,6,1967,120
KIMBERLY,7,1967,112
HEATHER,8,1967,100
CATHERINE,9,1967,95
DONNA,10,1967,91
NANCY,11,1967,84
SANDRA,12,1967,83
DARLENE,13,1967,74
CHERYL,14,1967,72
DEBORAH,15,1967,71
KELLY,16,1967,70
KIMBERLEY,16,1967,70
SHELLEY,16,1967,70
SHERRY,16,1967,70
BRENDA,20,1967,68
LISA,1,1968,259
KAREN,2,1968,125
ANGELA,3,1968,124
SUSAN,4,1968,117
MARY,5,1968,115
MICHELLE,6,1968,112
HEATHER,7,1968,101
PATRICIA,8,1968,89
KELLY,9,1968,88
SANDRA,10,1968,81
DONNA,11,1968,80
JENNIFER,12,1968,78
KIMBERLY,13,1968,76
MARGARET,14,1968,74
KIMBERLEY,15,1968,73
CATHERINE,16,1968,72
TAMMY,16,1968,72
NANCY,18,1968,67
CHERYL,19,1968,63
BRENDA,20,1968,62
ELIZABETH,20,1968,62
LISA,1,1969,236
MARY,2,1969,123
MICHELLE,3,1969,121
ANGELA,4,1969,104
HEATHER,4,1969,104
KAREN,6,1969,97
JENNIFER,7,1969,95
TAMMY,8,1969,94
KIMBERLY,9,1969,89
PATRICIA,10,1969,86
DONNA,11,1969,79
SUSAN,12,1969,78
KELLY,13,1969,74
CATHERINE,14,1969,73
KIMBERLEY,14,1969,73
BRENDA,16,1969,69
SHELLEY,17,1969,68
PAMELA,18,1969,67
TANYA,19,1969,65
CHERYL,20,1969,61
LISA,1,1970,189
MARY,2,1970,143
MICHELLE,3,1970,136
JENNIFER,4,1970,135
ANGELA,5,1970,131
TAMMY,6,1970,130
TRACY,7,1970,128
KAREN,8,1970,110
KIMBERLY,9,1970,108
KELLY,10,1970,101
PATRICIA,11,1970,92
HEATHER,12,1970,89
SUSAN,13,1970,82
TANYA,14,1970,77
TRACEY,15,1970,76
KIMBERLEY,16,1970,69
DONNA,17,1970,65
NICOLE,18,1970,64
PAMELA,18,1970,64
SHELLEY,20,1970,62
LISA,1,1971,202
JENNIFER,2,1971,161
TAMMY,3,1971,143
TRACY,4,1971,138
ANGELA,5,1971,137
MICHELLE,5,1971,137
KAREN,7,1971,125
KELLY,8,1971,121
HEATHER,9,1971,115
TANYA,10,1971,105
MARY,11,1971,92
KIMBERLY,12,1971,79
SUSAN,13,1971,68
PATRICIA,14,1971,64
CATHERINE,15,1971,62
TRACEY,15,1971,62
KIMBERLEY,17,1971,60
SHELLEY,18,1971,59
NICOLE,19,1971,57
SANDRA,19,1971,57
JENNIFER,1,1972,182
LISA,2,1972,154
MICHELLE,3,1972,151
TAMMY,4,1972,128
ANGELA,5,1972,120
KELLY,6,1972,104
TANYA,7,1972,101
HEATHER,8,1972,92
MARY,9,1972,89
NICOLE,9,1972,89
KAREN,11,1972,88
TRACY,11,1972,88
KIMBERLY,13,1972,78
PATRICIA,14,1972,76
SUSAN,15,1972,68
TRACEY,15,1972,68
SHELLEY,17,1972,67
KIMBERLEY,18,1972,63
JULIE,19,1972,59
DONNA,20,1972,57
KRISTA,20,1972,57
JENNIFER,1,1973,214
MICHELLE,2,1973,160
TANYA,3,1973,143
LISA,4,1973,131
TAMMY,5,1973,124
ANGELA,6,1973,121
TRACY,7,1973,107
HEATHER,8,1973,104
KELLY,9,1973,97
KAREN,10,1973,83
NICOLE,11,1973,77
PATRICIA,12,1973,71
KIMBERLY,13,1973,70
STEPHANIE,14,1973,68
MARY,15,1973,63
MELANIE,16,1973,62
SUSAN,17,1973,59
KIMBERLEY,18,1973,58
TINA,18,1973,58
TRACEY,20,1973,57
JENNIFER,1,1974,217
TANYA,2,1974,173
MICHELLE,3,1974,149
LISA,4,1974,134
TAMMY,5,1974,132
ANGELA,6,1974,115
TRACY,7,1974,93
HEATHER,8,1974,89
KELLY,9,1974,88
NICOLE,10,1974,72
NATASHA,11,1974,68
KIMBERLY,12,1974,66
PATRICIA,12,1974,66
STEPHANIE,14,1974,64
KAREN,15,1974,61
SUSAN,15,1974,61
MARY,17,1974,54
MELANIE,17,1974,54
ELIZABETH,19,1974,53
KIMBERLEY,19,1974,53
JENNIFER,1,1975,254
TANYA,2,1975,156
ANGELA,3,1975,125
TAMMY,4,1975,121
LISA,5,1975,117
MICHELLE,6,1975,89
HEATHER,7,1975,85
TRACY,8,1975,84
NICOLE,9,1975,80
KIMBERLY,10,1975,73
KAREN,11,1975,72
MELANIE,12,1975,68
KELLY,13,1975,66
NANCY,13,1975,66
NATASHA,15,1975,60
PATRICIA,16,1975,58
STEPHANIE,17,1975,56
KRISTA,18,1975,55
SARAH,18,1975,55
MARY,20,1975,51
TARA,20,1975,51
JENNIFER,1,1976,287
LISA,2,1976,141
ANGELA,3,1976,138
TANYA,4,1976,136
MICHELLE,5,1976,105
TAMMY,6,1976,99
HEATHER,7,1976,78
SHANNON,8,1976,75
KAREN,9,1976,72
TRACY,9,1976,72
AMANDA,11,1976,70
NICOLE,12,1976,69
MELANIE,13,1976,67
MARY,14,1976,65
MELISSA,14,1976,65
SARAH,16,1976,61
STEPHANIE,17,1976,60
KIMBERLY,18,1976,58
LAURA,18,1976,58
JULIE,20,1976,57
JENNIFER,1,1977,233
ANGELA,2,1977,131
TANYA,3,1977,112
AMANDA,4,1977,93
MICHELLE,5,1977,92
LISA,6,1977,91
MELISSA,7,1977,90
SARAH,8,1977,85
AMY,9,1977,84
KELLY,10,1977,80
HEATHER,11,1977,77
CRYSTAL,12,1977,68
TAMMY,13,1977,65
KAREN,14,1977,64
ANDREA,15,1977,62
TARA,16,1977,61
ERIN,17,1977,60
SHANNON,18,1977,59
STEPHANIE,19,1977,56
LAURA,20,1977,53
MARY,20,1977,53
NICOLE,20,1977,53
JENNIFER,1,1978,242
ANGELA,2,1978,139
MELISSA,3,1978,136
LISA,4,1978,128
AMANDA,5,1978,126
SARAH,6,1978,107
MICHELLE,7,1978,105
AMY,8,1978,101
TANYA,9,1978,95
KELLY,10,1978,87
HEATHER,11,1978,84
ERIN,12,1978,77
MELANIE,13,1978,68
TARA,13,1978,68
CRYSTAL,15,1978,65
MARY,16,1978,64
LAURA,17,1978,60
NICOLE,17,1978,60
STEPHANIE,19,1978,58
ANDREA,20,1978,57
SHANNON,20,1978,57
TAMMY,20,1978,57
AMANDA,1,1979,333
JENNIFER,2,1979,231
MELISSA,3,1979,177
ANGELA,4,1979,113
AMY,5,1979,104
LISA,6,1979,95
SARAH,7,1979,89
MICHELLE,8,1979,78
LAURA,9,1979,74
ERIN,10,1979,73
HEATHER,10,1979,73
KELLY,12,1979,67
TARA,13,1979,64
NICOLE,14,1979,62
MARY,15,1979,60
MELANIE,15,1979,60
CRYSTAL,17,1979,59
TANYA,18,1979,58
SHANNON,19,1979,56
STEPHANIE,20,1979,54
AMANDA,1,1980,298
JENNIFER,2,1980,249
MELISSA,3,1980,209
SARAH,4,1980,149
AMY,5,1980,111
MICHELLE,6,1980,105
ANGELA,7,1980,92
LISA,8,1980,90
ERIN,9,1980,89
HEATHER,10,1980,79
TARA,11,1980,72
KELLY,12,1980,69
LAURA,13,1980,67
NICOLE,13,1980,67
TANYA,15,1980,62
CRYSTAL,16,1980,53
KIMBERLY,16,1980,53
MARY,18,1980,51
ELIZABETH,19,1980,50
STEPHANIE,20,1980,47
JENNIFER,1,1981,275
AMANDA,2,1981,233
MELISSA,3,1981,175
SARAH,4,1981,133
AMY,5,1981,116
ANGELA,6,1981,107
ERIN,7,1981,86
MICHELLE,8,1981,85
LISA,9,1981,79
CRYSTAL,10,1981,74
STEPHANIE,11,1981,68
LAURA,12,1981,63
NICOLE,12,1981,63
REBECCA,14,1981,60
MARY,15,1981,58
ANDREA,16,1981,57
HEATHER,17,1981,55
ELIZABETH,18,1981,54
MELANIE,18,1981,54
KELLY,20,1981,53
TARA,20,1981,53
JENNIFER,1,1982,282
AMANDA,2,1982,177
SARAH,3,1982,162
MELISSA,4,1982,150
ANGELA,5,1982,95
STEPHANIE,6,1982,92
CRYSTAL,7,1982,86
ERIN,8,1982,85
AMY,9,1982,81
LAURA,10,1982,77
MICHELLE,10,1982,77
NICOLE,12,1982,73
ASHLEY,13,1982,70
HEATHER,14,1982,66
LINDSAY,15,1982,65
JESSICA,16,1982,64
LISA,16,1982,64
MELANIE,18,1982,56
NATASHA,19,1982,55
REBECCA,19,1982,55
JENNIFER,1,1983,269
AMANDA,2,1983,166
ASHLEY,3,1983,153
SARAH,4,1983,147
MELISSA,5,1983,137
JESSICA,6,1983,102
AMY,7,1983,96
CRYSTAL,8,1983,83
ERIN,8,1983,83
NICOLE,8,1983,83
ANGELA,11,1983,81
MICHELLE,12,1983,76
LAURA,13,1983,74
STEPHANIE,14,1983,73
LINDSAY,15,1983,65
MEGAN,16,1983,62
HOLLY,17,1983,60
TARA,18,1983,57
ELIZABETH,19,1983,56
HEATHER,20,1983,55
JENNIFER,1,1984,251
ASHLEY,2,1984,189
AMANDA,3,1984,153
MELISSA,4,1984,138
SARAH,5,1984,122
NICOLE,6,1984,104
JESSICA,7,1984,98
LAURA,8,1984,97
AMY,9,1984,89
ERIN,10,1984,76
STEPHANIE,11,1984,75
HOLLY,12,1984,74
CRYSTAL,13,1984,72
LISA,14,1984,63
LINDSAY,15,1984,61
HEATHER,16,1984,59
TARA,17,1984,57
DANIELLE,18,1984,55
ANGELA,19,1984,53
JILLIAN,19,1984,53
ASHLEY,1,1985,214
JENNIFER,2,1985,175
AMANDA,3,1985,169
SARAH,4,1985,128
LAURA,5,1985,122
NICOLE,6,1985,121
JESSICA,7,1985,116
MELISSA,8,1985,114
MEGAN,9,1985,107
STEPHANIE,10,1985,89
AMY,11,1985,82
MICHELLE,12,1985,62
ERIN,13,1985,58
HOLLY,13,1985,58
JILLIAN,15,1985,56
ANGELA,16,1985,54
COURTNEY,17,1985,53
LISA,17,1985,53
CRYSTAL,19,1985,52
BRITTANY,20,1985,51
ASHLEY,1,1986,190
SARAH,2,1986,183
JENNIFER,3,1986,170
AMANDA,4,1986,128
JESSICA,5,1986,121
NICOLE,6,1986,116
MELISSA,7,1986,105
MEGAN,8,1986,103
STEPHANIE,9,1986,97
LAURA,10,1986,95
BRITTANY,11,1986,70
AMY,12,1986,67
MICHELLE,13,1986,66
HEATHER,14,1986,57
SAMANTHA,14,1986,57
ERIN,16,1986,56
KATHERINE,17,1986,55
LISA,18,1986,53
DANIELLE,19,1986,52
NATASHA,19,1986,52
ASHLEY,1,1987,213
SARAH,2,1987,170
AMANDA,3,1987,148
JENNIFER,4,1987,141
NICOLE,5,1987,140
JESSICA,6,1987,135
LAURA,7,1987,104
MEGAN,8,1987,100
MELISSA,9,1987,93
STEPHANIE,10,1987,78
AMY,11,1987,75
SAMANTHA,12,1987,67
DANIELLE,13,1987,63
BRITTANY,14,1987,59
COURTNEY,15,1987,58
EMILY,16,1987,56
HOLLY,16,1987,56
MICHELLE,18,1987,55
KAYLA,19,1987,53
ALICIA,20,1987,48
LINDSAY,20,1987,48
AMANDA,1,1988,189
ASHLEY,2,1988,162
SARAH,2,1988,162
JESSICA,4,1988,150
NICOLE,5,1988,109
LAURA,6,1988,98
MELISSA,7,1988,93
STEPHANIE,8,1988,91
JENNIFER,9,1988,86
SAMANTHA,10,1988,83
BRITTANY,11,1988,81
MEGAN,12,1988,78
DANIELLE,13,1988,75
TIFFANY,14,1988,63
EMILY,15,1988,60
COURTNEY,16,1988,58
KAYLA,17,1988,54
REBECCA,17,1988,54
KATELYN,19,1988,50
ERIN,20,1988,47
JESSICA,1,1989,166
ASHLEY,2,1989,163
SAMANTHA,3,1989,155
AMANDA,4,1989,130
SARAH,5,1989,119
BRITTANY,6,1989,117
NICOLE,7,1989,93
JENNIFER,8,1989,92
KAYLA,9,1989,88
MELISSA,10,1989,86
EMILY,11,1989,81
COURTNEY,12,1989,80
MEGAN,12,1989,80
LAURA,14,1989,68
STEPHANIE,14,1989,68
DANIELLE,16,1989,62
KATELYN,17,1989,58
AMY,18,1989,54
JILLIAN,18,1989,54
TIFFANY,20,1989,52
JESSICA,1,1990,210
SAMANTHA,2,1990,164
ASHLEY,3,1990,130
BRITTANY,4,1990,119
SARAH,5,1990,118
AMANDA,6,1990,105
JENNIFER,7,1990,96
NICOLE,8,1990,91
MEGAN,9,1990,84
KAYLA,10,1990,80
EMILY,11,1990,76
LAURA,12,1990,75
STEPHANIE,13,1990,74
MELISSA,14,1990,71
COURTNEY,15,1990,70
KATHERINE,16,1990,68
KATELYN,17,1990,64
REBECCA,18,1990,60
DANIELLE,19,1990,59
ERIN,20,1990,54
MICHELLE,20,1990,54
JESSICA,1,1991,204
ASHLEY,2,1991,123
BRITTANY,3,1991,114
SAMANTHA,4,1991,109
SARAH,5,1991,107
KAYLA,6,1991,104
EMILY,7,1991,96
STEPHANIE,8,1991,86
MEGAN,9,1991,84
AMANDA,10,1991,81
JENNA,11,1991,76
NICOLE,12,1991,71
JENNIFER,13,1991,70
LAURA,13,1991,70
MELISSA,15,1991,69
REBECCA,16,1991,68
COURTNEY,17,1991,67
CHELSEA,18,1991,53
DANIELLE,19,1991,52
MICHELLE,20,1991,51
JESSICA,1,1992,182
BRITTANY,2,1992,121
SAMANTHA,3,1992,117
SARAH,3,1992,117
ASHLEY,5,1992,116
EMILY,6,1992,109
REBECCA,7,1992,93
AMANDA,8,1992,80
JENNA,9,1992,78
MEGAN,10,1992,75
NICOLE,11,1992,74
CHELSEA,12,1992,73
KAYLA,13,1992,71
KELSEY,14,1992,69
DANIELLE,15,1992,62
STEPHANIE,16,1992,61
LAURA,17,1992,60
JENNIFER,18,1992,57
COURTNEY,19,1992,55
KAITLYN,19,1992,55
JESSICA,1,1993,169
EMILY,2,1993,122
SARAH,3,1993,117
BRITTANY,4,1993,102
SAMANTHA,5,1993,97
ASHLEY,6,1993,96
REBECCA,7,1993,90
KELSEY,8,1993,86
TAYLOR,9,1993,71
AMANDA,10,1993,63
KAYLA,10,1993,63
MEGAN,12,1993,61
DANIELLE,13,1993,60
JENNA,14,1993,59
NICOLE,14,1993,59
CHELSEA,16,1993,58
KATELYN,16,1993,58
COURTNEY,18,1993,50
STEPHANIE,18,1993,50
JENNIFER,20,1993,49
JESSICA,1,1994,150
EMILY,2,1994,136
ASHLEY,3,1994,97
SARAH,4,1994,96
BRITTANY,5,1994,85
KELSEY,6,1994,82
SAMANTHA,7,1994,77
MEGAN,8,1994,75
NICOLE,9,1994,68
REBECCA,10,1994,65
MORGAN,11,1994,63
COURTNEY,12,1994,60
AMANDA,13,1994,58
TAYLOR,13,1994,58
JENNA,15,1994,54
KAYLA,15,1994,54
CHELSEA,17,1994,51
JENNIFER,18,1994,49
DANIELLE,19,1994,47
LAURA,19,1994,47
SARAH,1,1995,122
EMILY,2,1995,114
JESSICA,3,1995,110
ASHLEY,4,1995,84
BRITTANY,5,1995,77
MEGAN,6,1995,76
TAYLOR,6,1995,76
SAMANTHA,8,1995,72
REBECCA,9,1995,63
JENNA,10,1995,62
COURTNEY,11,1995,61
MORGAN,12,1995,59
NICOLE,12,1995,59
HANNAH,14,1995,57
KELSEY,15,1995,53
EMMA,16,1995,51
LAURA,17,1995,48
AMANDA,18,1995,45
KAYLA,18,1995,45
DANIELLE,20,1995,44
EMILY,1,1996,121
JESSICA,2,1996,112
SARAH,3,1996,93
SAMANTHA,4,1996,82
REBECCA,5,1996,77
HANNAH,6,1996,72
TAYLOR,7,1996,68
COURTNEY,8,1996,65
KELSEY,9,1996,63
BRITTANY,10,1996,61
LAUREN,11,1996,59
EMMA,12,1996,58
MORGAN,13,1996,56
ASHLEY,14,1996,52
MEGAN,15,1996,48
NICOLE,15,1996,48
KAYLA,17,1996,45
JENNA,18,1996,44
MADISON,18,1996,44
BRIANNA,20,1996,41
EMILY,1,1997,94
JESSICA,2,1997,89
SARAH,3,1997,79
HANNAH,4,1997,77
EMMA,5,1997,71
MEGAN,6,1997,69
TAYLOR,7,1997,67
SAMANTHA,8,1997,57
REBECCA,9,1997,55
MORGAN,10,1997,46
KELSEY,11,1997,45
COURTNEY,12,1997,44
VICTORIA,13,1997,43
JENNA,14,1997,41
JULIA,14,1997,41
BRITTANY,16,1997,39
HALEY,16,1997,39
KAYLA,18,1997,37
LAUREN,18,1997,37
OLIVIA,20,1997,36
EMILY,1,1998,105
SARAH,2,1998,98
EMMA,3,1998,93
HANNAH,4,1998,75
JESSICA,5,1998,73
TAYLOR,6,1998,69
REBECCA,7,1998,56
SAMANTHA,8,1998,54
MADISON,9,1998,52
MEGAN,10,1998,48
COURTNEY,11,1998,47
MORGAN,12,1998,45
VICTORIA,13,1998,44
KAYLA,14,1998,42
BRIANNA,15,1998,40
KELSEY,16,1998,39
LAURA,16,1998,39
HALEY,18,1998,37
OLIVIA,18,1998,37
MACKENZIE,20,1998,35
EMILY,1,1999,122
EMMA,1,1999,122
HANNAH,3,1999,89
TAYLOR,4,1999,85
MADISON,5,1999,69
SARAH,6,1999,65
JESSICA,7,1999,64
OLIVIA,8,1999,59
MEGAN,9,1999,51
REBECCA,9,1999,51
SAMANTHA,11,1999,47
MORGAN,12,1999,44
JULIA,13,1999,43
LAUREN,13,1999,43
MACKENZIE,13,1999,43
ALYSSA,16,1999,38
HALEY,16,1999,38
JENNA,18,1999,37
BRIANNA,19,1999,36
VICTORIA,20,1999,35
EMILY,1,2000,116
HANNAH,2,2000,102
EMMA,3,2000,89
MADISON,4,2000,80
SARAH,5,2000,76
JESSICA,6,2000,67
TAYLOR,7,2000,56
SAMANTHA,8,2000,54
MACKENZIE,9,2000,53
LAUREN,10,2000,49
OLIVIA,11,2000,47
JENNA,12,2000,45
REBECCA,12,2000,45
MEGAN,14,2000,43
HAILEY,15,2000,38
HALEY,15,2000,38
MORGAN,15,2000,38
JULIA,18,2000,35
ALYSSA,19,2000,33
BRIANNA,19,2000,33
EMILY,1,2001,124
MADISON,2,2001,109
EMMA,3,2001,106
HANNAH,4,2001,85
OLIVIA,5,2001,71
SARAH,6,2001,58
JESSICA,7,2001,57
ABIGAIL,8,2001,53
JULIA,9,2001,49
TAYLOR,9,2001,49
LAUREN,11,2001,46
MEGAN,12,2001,45
GRACE,13,2001,44
JENNA,14,2001,41
MACKENZIE,15,2001,39
HALEY,16,2001,38
SAMANTHA,17,2001,36
ALYSSA,18,2001,33
BRIANNA,19,2001,30
KAITLYN,20,2001,29
EMILY,1,2002,121
EMMA,1,2002,121
MADISON,3,2002,97
HANNAH,4,2002,69
OLIVIA,5,2002,65
SARAH,6,2002,64
GRACE,7,2002,56
MACKENZIE,8,2002,52
JESSICA,9,2002,48
ABIGAIL,10,2002,46
CHLOE,11,2002,41
TAYLOR,11,2002,41
JENNA,13,2002,40
LAUREN,14,2002,37
MEGAN,15,2002,34
SAMANTHA,15,2002,34
SOPHIE,17,2002,30
HAILEY,18,2002,29
MORGAN,19,2002,28
ALYSSA,20,2002,27
MAKAYLA,20,2002,27
RACHEL,20,2002,27
REBECCA,20,2002,27
EMMA,1,2003,139
MADISON,2,2003,84
EMILY,3,2003,79
HANNAH,4,2003,76
SARAH,5,2003,63
OLIVIA,6,2003,58
GRACE,7,2003,53
ABIGAIL,8,2003,51
LAUREN,9,2003,44
PAIGE,9,2003,44
HALEY,11,2003,39
JULIA,11,2003,39
MACKENZIE,11,2003,39
CHLOE,14,2003,38
SAMANTHA,14,2003,38
JESSICA,16,2003,35
TAYLOR,17,2003,34
BROOKE,18,2003,33
ELLA,19,2003,31
JENNA,19,2003,31
REBECCA,19,2003,31
EMMA,1,2004,140
MADISON,2,2004,88
EMILY,3,2004,83
ABIGAIL,4,2004,58
HANNAH,4,2004,58
GRACE,6,2004,57
OLIVIA,7,2004,51
SARAH,7,2004,51
LAUREN,9,2004,49
ELLA,10,2004,45
MACKENZIE,11,2004,39
BROOKLYN,12,2004,36
ANNA,13,2004,35
CHLOE,13,2004,35
TAYLOR,15,2004,34
HAILEY,16,2004,33
JULIA,16,2004,33
HALEY,18,2004,32
JENNA,19,2004,31
REBECCA,20,2004,30
SAMANTHA,20,2004,30
EMMA,1,2005,101
MADISON,2,2005,70
OLIVIA,3,2005,65
EMILY,4,2005,64
HANNAH,5,2005,62
ABIGAIL,6,2005,56
GRACE,7,2005,47
SARAH,7,2005,47
AVA,9,2005,44
LAUREN,10,2005,42
CHLOE,11,2005,38
ELLA,12,2005,37
JULIA,13,2005,28
BROOKE,14,2005,27
HAILEY,14,2005,27
LILY,14,2005,27
BROOKLYN,17,2005,26
MACKENZIE,17,2005,26
SAMANTHA,17,2005,26
SOPHIE,17,2005,26
EMMA,1,2006,72
MADISON,2,2006,67
AVA,3,2006,65
OLIVIA,3,2006,65
HANNAH,5,2006,64
EMILY,6,2006,58
ABIGAIL,7,2006,57
SARAH,8,2006,53
ELLA,9,2006,42
CHLOE,10,2006,39
LILY,11,2006,37
GRACE,12,2006,36
BROOKE,13,2006,32
SOPHIA,14,2006,31
FAITH,15,2006,28
SOPHIE,15,2006,28
ELIZABETH,17,2006,26
JULIA,18,2006,25
BROOKLYN,19,2006,24
RACHEL,19,2006,24
EMMA,1,2007,85
EMILY,2,2007,77
AVA,3,2007,67
OLIVIA,3,2007,67
MADISON,5,2007,63
CHLOE,6,2007,54
HANNAH,7,2007,52
ABIGAIL,8,2007,51
ELLA,9,2007,46
SOPHIA,10,2007,44
GRACE,11,2007,42
SOPHIE,12,2007,36
BROOKE,13,2007,35
SARAH,14,2007,34
BROOKLYN,15,2007,32
HAILEY,16,2007,31
JULIA,17,2007,30
ANNA,18,2007,28
ALYSSA,19,2007,27
JENNA,19,2007,27
LAUREN,19,2007,27
AVA,1,2008,67
OLIVIA,2,2008,65
EMMA,3,2008,56
SOPHIE,4,2008,54
ABIGAIL,5,2008,53
EMILY,5,2008,53
ELLA,7,2008,52
HANNAH,7,2008,52
MADISON,9,2008,48
SOPHIA,10,2008,46
LILY,11,2008,45
BROOKLYN,12,2008,42
BROOKE,13,2008,38
LAUREN,14,2008,36
SARAH,14,2008,36
CHLOE,16,2008,35
ALEXIS,17,2008,30
PAIGE,17,2008,30
JULIA,19,2008,28
TAYLOR,19,2008,28
EMMA,1,2009,75
OLIVIA,2,2009,60
AVA,3,2009,54
ISABELLA,3,2009,54
ELLA,5,2009,50
SOPHIE,5,2009,50
ABIGAIL,7,2009,48
LILY,8,2009,47
EMILY,9,2009,46
HANNAH,10,2009,43
MADISON,10,2009,43
SOPHIA,12,2009,39
ALEXIS,13,2009,38
BROOKLYN,14,2009,34
CHLOE,14,2009,34
ADDISON,16,2009,30
ANNA,17,2009,28
GRACE,17,2009,28
JULIA,17,2009,28
CHARLOTTE,20,2009,25
ELLA,1,2010,61
OLIVIA,1,2010,61
AVA,3,2010,60
EMMA,4,2010,53
LILY,4,2010,53
ABIGAIL,6,2010,49
SOPHIE,7,2010,48
EMILY,8,2010,47
CHLOE,9,2010,41
ALEXIS,10,2010,40
ISABELLA,10,2010,40
MADISON,10,2010,40
BROOKLYN,13,2010,39
SOPHIA,14,2010,37
CHARLOTTE,15,2010,36
ADDISON,16,2010,31
HANNAH,17,2010,28
NEVAEH,17,2010,28
PEYTON,17,2010,28
SARAH,20,2010,27
EMMA,1,2011,72
OLIVIA,2,2011,68
AVA,3,2011,65
ELLA,4,2011,52
SOPHIA,4,2011,52
CHLOE,6,2011,42
MADISON,6,2011,42
SOPHIE,6,2011,42
LILY,9,2011,39
ABIGAIL,10,2011,38
ISABELLA,11,2011,36
EMILY,12,2011,33
ADDISON,13,2011,30
BROOKLYN,13,2011,30
CLAIRE,13,2011,30
ALEXIS,16,2011,29
MYA,17,2011,28
CHARLOTTE,18,2011,26
GRACE,19,2011,24
AMELIA,20,2011,23
HAILEY,20,2011,23
HANNAH,20,2011,23
OLIVIA,1,2012,62
EMMA,2,2012,58
LILY,3,2012,51
SOPHIA,4,2012,50
AVA,5,2012,48
SOPHIE,6,2012,47
EMILY,7,2012,41
ABIGAIL,8,2012,40
CHLOE,9,2012,36
ELLA,10,2012,35
ISABELLA,10,2012,35
CHARLOTTE,12,2012,31
BROOKLYN,13,2012,29
AVERY,14,2012,27
LEAH,14,2012,27
HANNAH,16,2012,26
ALEXIS,17,2012,25
SADIE,17,2012,25
ADDISON,19,2012,24
MADISON,19,2012,24
OLIVIA,1,2013,74
EMMA,2,2013,56
AVA,3,2013,52
EMILY,4,2013,47
LILY,5,2013,44
CHARLOTTE,6,2013,43
SOPHIA,6,2013,43
ELLA,8,2013,37
CHLOE,9,2013,36
SADIE,9,2013,36
AMELIA,11,2013,34
MADISON,12,2013,30
ISLA,13,2013,29
ADDISON,14,2013,27
SOPHIE,15,2013,26
ABIGAIL,16,2013,25
HANNAH,16,2013,25
BROOKLYN,18,2013,24
CLAIRE,18,2013,24
GRACE,18,2013,24
EMMA,1,2014,64
OLIVIA,2,2014,48
AVA,3,2014,45
SADIE,4,2014,44
SOPHIA,5,2014,42
ABIGAIL,6,2014,41
ELLA,7,2014,40
LILY,7,2014,40
BROOKLYN,9,2014,38
CHLOE,10,2014,37
CHARLOTTE,11,2014,33
EMILY,12,2014,32
PEYTON,13,2014,29
AMELIA,14,2014,28
CLAIRE,14,2014,28
ISABELLA,14,2014,28
ALEXIS,17,2014,27
AVERY,17,2014,27
HANNAH,19,2014,26
NORA,19,2014,26
SARAH,19,2014,26
AVA,1,2015,58
OLIVIA,2,2015,54
EMMA,3,2015,48
CHARLOTTE,4,2015,41
SADIE,4,2015,41
ABIGAIL,6,2015,35
EMILY,7,2015,33
SCARLETT,8,2015,32
SOPHIA,8,2015,32
AMELIA,10,2015,30
AUDREY,11,2015,28
MADISON,11,2015,28
CHLOE,13,2015,27
NORA,14,2015,26
SOPHIE,14,2015,26
ALEXIS,16,2015,25
ELLIE,16,2015,25
ADDISON,18,2015,24
BROOKLYN,18,2015,24
ELLA,18,2015,24
GRACE,18,2015,24
LILY,18,2015,24
PEYTON,18,2015,24
OLIVIA,1,2016,54
EMMA,2,2016,41
ABIGAIL,3,2016,40
AVA,4,2016,38
CHARLOTTE,5,2016,36
VIOLET,6,2016,35
AMELIA,7,2016,33
SOPHIA,8,2016,31
CLAIRE,9,2016,30
SOPHIE,9,2016,30
ISLA,11,2016,29
EVELYN,12,2016,28
ELLIE,13,2016,27
LILY,13,2016,27
EMILY,15,2016,26
MADISON,15,2016,26
SCARLETT,15,2016,26
ISABELLA,18,2016,25
CHLOE,19,2016,24
BROOKLYN,20,2016,22
ELLA,20,2016,22
IVY,20,2016,22
OLIVIA,1,2017,53
CHARLOTTE,2,2017,50
AVA,3,2017,38
SCARLETT,3,2017,38
SOPHIA,3,2017,38
ABIGAIL,6,2017,35
EMMA,6,2017,35
EVELYN,8,2017,34
AMELIA,9,2017,32
ELLA,10,2017,31
HANNAH,11,2017,30
LILY,11,2017,30
CLAIRE,13,2017,29
AVERY,14,2017,27
CHLOE,14,2017,27
ZOEY,14,2017,27
EMILY,17,2017,25
ISABELLA,17,2017,25
SADIE,17,2017,25
ELLIE,20,2017,24
OLIVIA,1,2018,44
SOPHIA,2,2018,42
CHARLOTTE,3,2018,39
EMMA,3,2018,39
AMELIA,5,2018,35
AVA,6,2018,33
ISLA,7,2018,32
ABIGAIL,8,2018,31
EVELYN,9,2018,29
MIA,10,2018,28
SADIE,10,2018,28
SCARLETT,10,2018,28
SOPHIE,10,2018,28
ANNA,14,2018,26
ELLA,15,2018,25
ELLIE,16,2018,24
EMILY,17,2018,23
HANNAH,17,2018,23
LILY,17,2018,23
ADDISON,20,2018,22
LUCY,20,2018,22
CHARLOTTE,1,2019,56
OLIVIA,2,2019,46
AMELIA,3,2019,43
EMMA,4,2019,40
ABIGAIL,5,2019,33
ISLA,6,2019,32
VIOLET,6,2019,32
ELLA,8,2019,31
AVA,9,2019,30
SADIE,9,2019,30
ISABELLA,11,2019,28
SOPHIE,11,2019,28
LILY,13,2019,27
SCARLETT,13,2019,27
SOPHIA,13,2019,27
IVY,16,2019,25
CHLOE,17,2019,23
CLAIRE,17,2019,23
LUCY,17,2019,23
NORA,20,2019,22
OLIVIA,1,2020,56
CHARLOTTE,2,2020,44
AVA,3,2020,37
IVY,3,2020,37
NORA,5,2020,33
AMELIA,6,2020,30
SOPHIA,7,2020,29
EVELYN,8,2020,28
ISLA,8,2020,28
SOPHIE,8,2020,28
LILY,11,2020,27
SCARLETT,12,2020,26
VIOLET,12,2020,26
EMMA,14,2020,25
HARPER,15,2020,24
ELLA,16,2020,23
HANNAH,16,2020,23
ABIGAIL,18,2020,21
AVERY,18,2020,21
GRACE,18,2020,21
OLIVIA,1,2021,56
AVA,2,2021,41
ELLIE,3,2021,37
ISLA,4,2021,35
AMELIA,5,2021,33
IVY,5,2021,33
EVELYN,7,2021,31
VIOLET,7,2021,31
CHARLOTTE,9,2021,29
HARPER,9,2021,29
NORA,11,2021,28
ELLA,12,2021,27
HANNAH,12,2021,27
AVERY,14,2021,25
EMMA,15,2021,24
SOPHIA,16,2021,23
AURORA,17,2021,22
ISABELLA,17,2021,22
ELEANOR,19,2021,21
EVERLY,19,2021,21
KINSLEY,19,2021,21
LILY,19,2021,21
SADIE,19,2021,21
WILLOW,19,2021,21
VIOLET,1,2022,43
CHARLOTTE,2,2022,42
EMMA,3,2022,39
OLIVIA,4,2022,38
AMELIA,5,2022,33
ELLIE,6,2022,32
SADIE,7,2022,30
HARPER,8,2022,29
LILY,9,2022,28
ISLA,10,2022,27
NORA,10,2022,27
ABIGAIL,12,2022,26
IVY,12,2022,26
SOPHIE,14,2022,24
ELLA,15,2022,23
EVELYN,15,2022,23
ISABELLE,15,2022,23
SCARLETT,15,2022,23
AVERY,19,2022,22
EVERLY,20,2022,21
